{
  "input_nodes": 5,
  "hidden_nodes": 5,
  "output_nodes": 1,
  "weights_ih": {
    "rows": 5,
    "cols": 5,
    "data": [
      [
        0.23800759609119065,
        0.8904296472471134,
        -0.47622627318811994,
        0.4014167882717108,
        0.9823346195365117
      ],
      [
        0.1460389735176402,
        -0.8478013461329286,
        -0.15606762658710638,
        0.1860207417177406,
        0.5341734764029247
      ],
      [
        -0.9577287692088157,
        -0.6089487194714094,
        0.5796349023792318,
        0.7897651674914417,
        -0.5809817083579181
      ],
      [
        0.7420499436981824,
        0.12452945547550298,
        0.5139042295499978,
        -0.006670718748041954,
        -0.4106832163760033
      ],
      [
        0.1527770731970442,
        0.21001549930540742,
        -0.19073823869378206,
        -0.014651396969673325,
        0.056279096460857436
      ]
    ]
  },
  "weights_ho": {
    "rows": 1,
    "cols": 5,
    "data": [
      [
        -0.6546736840434386,
        0.7678751712233459,
        -0.3690556037518715,
        0.2921648518455567,
        -0.4166822352794514
      ]
    ]
  },
  "bias_h": {
    "rows": 5,
    "cols": 1,
    "data": [
      [
        0.19320193171935263
      ],
      [
        -0.46808200320867493
      ],
      [
        0.19314961883115833
      ],
      [
        -0.4480551177473457
      ],
      [
        0.22833188591818576
      ]
    ]
  },
  "bias_o": {
    "rows": 1,
    "cols": 1,
    "data": [
      [
        0.4527190913560369
      ]
    ]
  },
  "learning_rate": 0.1,
  "activation_function": {}
}
