{
  "input_nodes": 5,
  "hidden_nodes": 5,
  "output_nodes": 1,
  "weights_ih": {
    "rows": 5,
    "cols": 5,
    "data": [
      [
        0.2749642100677807,
        1.0675227578256887,
        -0.30535760706764326,
        0.46278977968106805,
        -0.8614714719008915
      ],
      [
        0.7921466386035279,
        -0.43760470585265027,
        -0.9035423836813653,
        0.6754211409260606,
        0.3042527184518181
      ],
      [
        -0.6683770554457333,
        -0.35354288164497216,
        0.5520123283724003,
        0.8548191880280395,
        -0.4095791085508873
      ],
      [
        0.17365246580557203,
        0.3014265324946462,
        -0.16356083025779578,
        -0.08798011345770007,
        0.6664553107102608
      ],
      [
        0.33138984338896416,
        -0.4694367560341066,
        0.4454192854996623,
        -1.0379498828204798,
        -0.27169343261788675
      ]
    ]
  },
  "weights_ho": {
    "rows": 1,
    "cols": 5,
    "data": [
      [
        -1.2743333297108947,
        0.8136753332928537,
        0.33356964270909994,
        -0.2967903456608723,
        0.40157183599507773
      ]
    ]
  },
  "bias_h": {
    "rows": 5,
    "cols": 1,
    "data": [
      [
        -0.7110279076623129
      ],
      [
        0.12663732920615478
      ],
      [
        -0.13374521493174596
      ],
      [
        -0.5229008736699301
      ],
      [
        0.8749398317096243
      ]
    ]
  },
  "bias_o": {
    "rows": 1,
    "cols": 1,
    "data": [
      [
        -0.22740287084078759
      ]
    ]
  },
  "learning_rate": 0.1,
  "activation_function": {}
}
