{
  "input_nodes": 5,
  "hidden_nodes": 5,
  "output_nodes": 1,
  "weights_ih": {
    "rows": 5,
    "cols": 5,
    "data": [
      [
        0.09745204354372808,
        0.8033131563282438,
        -0.6844619608591542,
        0.8194988018432728,
        -0.24958261311389807
      ],
      [
        0.8563865197523991,
        -0.6284600307435668,
        0.421963753441974,
        -0.2833684066183828,
        0.9267321801601315
      ],
      [
        0.6903484647207813,
        -0.17689577608277762,
        -0.29449336869937315,
        -0.8768352838899327,
        0.42356006698360427
      ],
      [
        0.5778249280130541,
        0.015771721527280222,
        0.25406488654194637,
        -0.47102935490348674,
        0.4434691404432338
      ],
      [
        -0.29185022046212533,
        0.8576256926031004,
        0.9483337124951072,
        -0.7199864297895211,
        -0.5316224274828287
      ]
    ]
  },
  "weights_ho": {
    "rows": 1,
    "cols": 5,
    "data": [
      [
        -0.6247446725789865,
        0.19029829050655156,
        0.03878912193577566,
        -0.27528303821163247,
        -0.8061894022908436
      ]
    ]
  },
  "bias_h": {
    "rows": 5,
    "cols": 1,
    "data": [
      [
        -0.8549532376432762
      ],
      [
        -0.17372505282245815
      ],
      [
        -0.22934863895828428
      ],
      [
        0.3681660317837231
      ],
      [
        0.8733840085140514
      ]
    ]
  },
  "bias_o": {
    "rows": 1,
    "cols": 1,
    "data": [
      [
        0.8727866918092868
      ]
    ]
  },
  "learning_rate": 0.1,
  "activation_function": {}
}
